date,calls,abnd,att,awt,awtx Abnd ,YN
01/07/2016,473,148,59.35,105.4666667,1.04324074,10
04/07/2016,473,158,44.16666667,91.76666667,1.045925925,8
05/07/2016,445,84,33.86666667,42.71666667,0.320567129,13
06/07/2016,417,97,41.93333333,79.58333333,0.576689814,10
07/07/2016,412,95,41.53333333,66.08333333,0.544953704,7
08/07/2016,438,63,36.85,34.96666667,0.179027777,12
09/07/2016,1,1,0,1.4,0.000972222,1
11/07/2016,472,112,35.68333333,79.66666667,0.652824074,9
12/07/2016,405,49,32.65,40.75,0.155462961,10
13/07/2016,416,92,39.76666667,70.01666666,0.424525463,13
14/07/2016,431,76,40.51666667,68.33333333,0.345671296,14
15/07/2016,450,106,37.03333333,63.58333333,0.527337961,10
18/07/2016,557,114,36.96666667,63.95,0.569189815,12
19/07/2016,460,63,33.98333333,37.85,0.222546297,9
20/07/2016,461,79,51.01666667,45.85,0.277777777,11
21/07/2016,465,49,33.18333333,28.28333333,0.126956019,11
25/07/2016,661,221,40.36666667,108.05,1.604398148,6
26/07/2016,466,100,48.4,62.95,0.41480324,11
27/07/2016,446,96,42.28333333,53.4,0.50605324,10
28/07/2016,508,140,32.23333333,61.25,0.765590278,10
29/07/2016,506,136,47.08333333,100.5,0.82497685,9
01/08/2016,6,6,0,2.3,0.002118056,5
02/08/2016,660,240,37.98333333,124.4,1.741736112,11
03/08/2016,544,280,39.83333333,134.8833333,2.293437499,6
04/08/2016,524,178,58.35,112.4,1.05972222,11
05/08/2016,479,124,31.25,62.41666667,0.748136574,8
08/08/2016,591,215,39.23333333,89.63333333,1.268888889,11
09/08/2016,445,148,35.16666667,98.33333333,1.003020835,11
10/08/2016,468,160,48.63333333,119.2,1.028032409,9
11/08/2016,470,110,34.71666667,67.68333333,0.495150464,12
12/08/2016,473,106,42.23333333,80.68333333,0.509317131,12
15/08/2016,550,200,35.95,89.48333334,1.456377314,8
16/08/2016,452,94,54.4,73.95,0.501770834,11
17/08/2016,442,95,40.45,91.23333333,0.542673612,8
18/08/2016,381,51,32.56666667,48.18333334,0.176655092,11
19/08/2016,480,150,47.4,134.5,1.087777777,8
22/08/2016,521,193,33.53333333,90.51666667,1.438206019,8
23/08/2016,398,124,36.03333333,74.4,0.570370372,13
24/08/2016,441,110,37.7,56.58333333,0.420636574,13
25/08/2016,552,203,37.98333333,113.05,1.358217593,10
26/08/2016,497,144,26.2,82.01666667,1.032997686,6
29/08/2016,582,219,48,139.6,1.63613426,7
30/08/2016,460,154,38.91666667,98.4,1.031238426,9
31/08/2016,385,133,39.36666667,72.45000001,0.767974537,10
01/09/2016,432,119,39.06666667,70.71666667,0.643738424,10
02/09/2016,412,127,32.36666667,93.06666667,0.859664351,9
05/09/2016,487,112,34.91666667,65.16666667,0.613958332,12
06/09/2016,426,111,26.6,51.45,0.585636573,11
07/09/2016,383,55,32.05,23.5,0.131030094,10
08/09/2016,488,104,38.56666667,61.36666667,0.447951388,12
09/09/2016,464,69,43.7,46.86666667,0.23295139,14
12/09/2016,538,153,30.91666667,78.71666667,0.86820602,11
13/09/2016,415,107,27.96666667,69.15,0.573206017,8
14/09/2016,349,25,30.7,14.23333333,0.036527777,12
15/09/2016,423,85,32.48333334,67.85,0.433020833,12
16/09/2016,388,40,27.11666667,32.1,0.087048612,9
19/09/2016,471,50,29.11666667,37.06666667,0.100787038,12
20/09/2016,413,57,33.58333334,40.6,0.174212963,13
21/09/2016,356,28,26.81666667,18.83333333,0.066608796,10
22/09/2016,470,106,43.53333333,66.21666667,0.449016205,15
23/09/2016,456,113,32.83333333,83.38333334,0.703796296,11
26/09/2016,435,81,29.9,52.06666667,0.343831017,13
27/09/2016,451,114,35.13333333,57.61666666,0.477129631,13
28/09/2016,390,58,21.46666667,39.01666667,0.191064815,10
29/09/2016,441,66,47.1,60.81666667,0.23295139,11
30/09/2016,410,76,36.4,78.63333333,0.352384258,11
03/10/2016,397,58,39,45.63333333,0.201006945,12
04/10/2016,377,22,36,18.61666667,0.044189815,13
05/10/2016,393,41,37.55,29.23333333,0.103738426,12
06/10/2016,480,69,32.38333333,44.5,0.235127314,11
07/10/2016,448,92,39.81666667,59.03333333,0.357418982,11
10/10/2016,520,97,30.35,55.55,0.516388889,10
11/10/2016,420,107,31.06666667,77.4,0.529108794,12
12/10/2016,387,86,44.58333333,55.58333333,0.360543983,13
13/10/2016,377,43,36.91666667,30.3,0.116921297,13
14/10/2016,472,140,34.55,94.26666667,0.863449073,10
17/10/2016,498,118,37.68333334,90.13333333,0.574710647,12
18/10/2016,406,47,30.35,39.13333333,0.172245371,11
19/10/2016,379,83,29.58333333,62.36666667,0.333622685,11
20/10/2016,478,119,35.26666667,56.65,0.476412038,13
21/10/2016,451,66,28.23333333,50.15,0.273321759,8
24/10/2016,428,56,31.96666667,50.85,0.204363426,11
25/10/2016,351,35,33.26666667,31.26666667,0.064155094,12
26/10/2016,424,51,21.88333333,40,1.52E-01,10
27/10/2016,403,32,37.85,22.95,0.052835648,12
28/10/2016,422,21,27.38333333,14.61666667,0.02957176,10
31/10/2016,509,68,32.26666667,27.88333333,0.211585649,12
01/11/2016,286,17,28.05,9.783333333,0.029143519,9
02/11/2016,379,46,45.2,26.15,0.091458332,15
03/11/2016,516,106,43.18333333,84.1,0.440243057,17
04/11/2016,488,57,46.73333333,47.65,0.17849537,12
07/11/2016,511,110,31.6,78.93333334,0.584444444,11
08/11/2016,401,32,31.13333333,19.15,0.079097223,11
09/11/2016,383,83,40.68333333,41.11666667,0.254641205,14
10/11/2016,433,81,33.96666667,51.55,0.391712963,12
11/11/2016,516,109,37.41666667,73.21666667,0.479016205,12
14/11/2016,488,84,45.03333333,39.3,0.235069443,13
15/11/2016,371,42,33.48333333,23.5,0.094953703,11
16/11/2016,399,72,29.28333333,42.66666667,0.233796297,13
17/11/2016,484,65,32.61666667,36.96666667,0.176956017,13
18/11/2016,453,53,32.55,25.66666667,0.125671296,12
21/11/2016,524,134,38.48333333,74.56666667,0.61869213,11
22/11/2016,501,123,33.78333333,63.95,0.472743056,14
23/11/2016,488,115,29.81666667,37.66666667,0.486620371,10
24/11/2016,471,126,31.06666667,47.31666667,0.547268518,9
25/11/2016,451,55,35.5,25.73333333,1.12E-01,13
28/11/2016,557,139,41.8,84.88333334,0.631678242,14
29/11/2016,519,143,32.66666667,37.41666667,0.394363427,12
30/11/2016,409,70,30.75,44.41666667,0.201469908,15
01/12/2016,509,83,32.4,56.23333334,0.300729166,13
02/12/2016,495,127,39.01666667,84.61666667,0.605983796,14
05/12/2016,576,162,31.98333333,75.8,0.889166667,12
06/12/2016,420,40,27.75,21.65,0.074270834,11
07/12/2016,482,116,51.9,71.63333334,0.399305555,15
08/12/2016,435,47,39.96666667,39.33333333,0.149027777,13
09/12/2016,495,120,29.28333334,67.66666666,0.65392361,9
12/12/2016,502,131,39.11666667,74.78333333,0.765648147,11
13/12/2016,415,39,38.8,27.85,0.07173611,11
14/12/2016,434,85,43.28333333,64.55,0.286168982,13
15/12/2016,454,99,30.13333333,58.7,0.43287037,10
16/12/2016,450,82,42.58333333,62.16666667,0.327499999,12
19/12/2016,507,132,31.01666667,69,0.689594908,11
20/12/2016,433,90,29.43333333,57.76666667,0.560601852,10
21/12/2016,401,69,42.73333333,39.5,0.275798611,10
22/12/2016,351,188,18.31666667,89.95,1.94306713,5
23/12/2016,480,99,36.46666667,62.65,0.500763889,13
30/12/2016,145,145,0,113.05,2.131631943,4
03/01/2017,1080,571,35.46666667,129.65,4.625995372,7
04/01/2017,529,146,50.38333333,95.73333333,0.772835648,9
05/01/2017,544,165,32.91666667,82.33333333,1.053819442,9
06/01/2017,488,91,43.75,54.11666667,0.389618055,16
09/01/2017,567,143,36.51666667,89.13333334,0.710775463,11
10/01/2017,438,65,30.93333333,36.31666667,0.230219908,10
11/01/2017,435,91,38.25,67.85,0.455613424,14
12/01/2017,475,84,32.3,46.51666667,0.322118056,12
13/01/2017,512,48,27.96666667,27.96666667,0.142314814,10
16/01/2017,604,222,32.98333333,91.45000001,1.456203703,10
17/01/2017,502,177,31.43333333,91.1,1.117152779,9
18/01/2017,498,121,37.61666667,74.55,0.708541668,11
19/01/2017,484,112,38.36666667,75.8,0.607245369,11
20/01/2017,510,108,37.25,67.2,0.525428241,13
23/01/2017,498,107,28.86666667,61.78333333,0.553287038,13
24/01/2017,387,60,26.83333333,27.01666667,0.155671297,11
25/01/2017,482,104,33.91666667,71.45,0.495648148,14
27/01/2017,566,110,26.7,50.15,4.53E-01,10
30/01/2017,563,181,46.08333333,102.6666667,1.28412037,10
31/01/2017,456,99,40.26666667,39.5,0.360023148,15
01/02/2017,470,121,53.61666667,100.4333333,0.66204861,11
02/02/2017,431,80,38.86666667,40.51666667,0.286041666,13
03/02/2017,487,135,34.98333333,76.61666667,0.792673612,9
06/02/2017,534,121,42.76666667,85.13333333,0.519143519,13
07/02/2017,421,72,34.56666667,43.13333333,0.304537037,13
08/02/2017,455,126,46.58333333,81.61666667,0.719976852,14
09/02/2017,469,123,36.03333333,77.68333333,0.632361111,15
10/02/2017,530,148,41.06666667,69.05,0.736527778,16
13/02/2017,577,247,34.75,111.0666667,1.904664352,6
15/02/2017,471,155,48.45,137.1,1.09E+00,9
16/02/2017,445,165,45.4,104.3833333,1.094988426,8
17/02/2017,532,204,46.68333333,134.4833333,1.643749999,6
20/02/2017,572,202,34.41666667,104.85,1.475925925,8
21/02/2017,471,133,30.48333333,69.05,0.699513888,10
22/02/2017,401,64,35.01666667,66.76666667,0.326145832,9
23/02/2017,581,234,31.78333333,124.0333333,1.774814815,8
24/02/2017,489,142,44.35,101.15,1.06289352,11
27/02/2017,631,293,38.28333333,152.1166667,2.482824074,6
28/02/2017,468,185,51.51666667,113.2,1.318900463,9
01/03/2017,450,48,44.41666667,53.51666667,0.12650463,15
02/03/2017,479,78,47.2,73.85,0.337060185,12
03/03/2017,484,126,24.26666667,78.19999999,0.7578125,10
06/03/2017,559,144,47.95,75.08333333,0.666284723,13
07/03/2017,432,89,27.05,45.98333333,0.349432871,11
08/03/2017,469,105,43.93333333,62.05000001,0.483564814,12
09/03/2017,466,88,32.23333333,67.25,0.345567131,14
10/03/2017,467,54,22.33333333,34.88333333,0.194224537,10
13/03/2017,479,83,37.23333333,53.41666667,0.257731482,15
14/03/2017,417,86,48.5,85.6,0.386388889,12
15/03/2017,467,126,37.18333333,76.53333334,0.578321758,12
16/03/2017,429,75,26.76666667,33.76666667,0.215729167,10
17/03/2017,482,111,30.58333333,74.1,0.442893519,14
20/03/2017,591,148,39.73333333,83.03333333,0.830543981,11
21/03/2017,461,62,36.5,44.63333333,0.208981482,12
22/03/2017,414,64,28.7,29.93333333,1.51E-01,11
23/03/2017,445,62,26.83333333,43.1,0.208055555,11
24/03/2017,537,148,40.2,101.4333333,0.75045139,14
27/03/2017,543,131,37.01666667,83.65,0.669652779,13
28/03/2017,428,54,27.65,25.15,0.147627317,12
30/03/2017,426,97,29.31666667,83.46666667,0.446967593,9
31/03/2017,432,71,33.98333333,43.03333333,0.282199073,13
03/04/2017,534,176,38.2,101.3333333,1.041932871,11
04/04/2017,459,106,35.88333333,80.81666667,0.518935185,12
05/04/2017,478,114,34,76.56666666,0.544537039,11
06/04/2017,521,111,25.56666667,69.73333333,0.458738427,16
07/04/2017,562,155,34.76666667,77.4,0.850243056,11
10/04/2017,554,182,36.56666667,100.7666667,1.306192129,10
11/04/2017,423,98,26,72.21666666,0.507037036,10
12/04/2017,539,181,25.6,93.76666667,1.216296297,12
13/04/2017,704,211,34.48333333,93.11666667,1.177222223,12
17/04/2017,4,4,0,2.366666667,0.002349537,3
18/04/2017,772,406,34.95,164.4166667,4.040671298,6
19/04/2017,586,266,40.15,193.3,2.458831018,7
20/04/2017,670,337,28.33333333,166.1,3.366759259,7
21/04/2017,753,447,33.93333333,220.1833333,5.752314814,4
24/04/2017,729,395,31.38333333,194.1333333,3.829618056,4
26/04/2017,702,432,28.05,132.9666667,4.238182871,6
27/04/2017,625,339,31.88333333,150.45,3.53920139,1
28/04/2017,603,281,30.2,148.65,2.755949074,3
01/05/2017,139,139,0,193.9166667,2.033819446,3
02/05/2017,672,325,27.28333333,133.6333333,3.359456018,4
03/05/2017,501,173,33.83333333,108.6666667,1.204247686,9
04/05/2017,583,177,26,95.95,1.19476852,10
05/05/2017,657,260,31.35,132.8,2.06556713,5
08/05/2017,663,346,38.76666667,184.9666667,3.308564812,5
09/05/2017,533,249,42.73333333,201.4666667,2.22775463,4
10/05/2017,508,236,27.93333333,118,1.98511574,7
11/05/2017,500,211,29.83333333,111.25,1.803900463,2
12/05/2017,595,240,47.1,132.15,1.823506942,6
15/05/2017,562,253,30,100.6833333,1.912743056,7
16/05/2017,458,166,29.96666667,89.25,1.102418982,9
17/05/2017,464,137,38.8,103.7166667,9.37E-01,10
18/05/2017,518,186,51,179.2833333,1.496215278,6
19/05/2017,643,229,35.45,135.2666667,1.830150464,3
22/05/2017,555,239,26.33333333,124.1833333,2.413912037,5
23/05/2017,467,163,35.2,124.5833333,1.126643519,12
24/05/2017,466,112,32.8,59.95,0.574305556,10
25/05/2017,474,181,26.95,120.75,1.574756944,6
26/05/2017,491,179,33,120.9,1.232199074,10
29/05/2017,557,223,25.06666667,123.4333333,1.566817129,9
30/05/2017,413,126,36.2,82.21666667,0.823275462,13
31/05/2017,364,113,39.91666667,106.5,0.707476851,8
01/06/2017,532,209,22.8,110.4333334,1.774918983,6
02/06/2017,581,239,36.48333333,117.45,1.97545139,4
05/06/2017,730,449,38.53333333,178.4833333,4.877534721,3
06/06/2017,518,220,45.66666667,122.2666667,1.703206018,5
07/06/2017,544,252,33.91666667,123.1833333,2.215474538,4
08/06/2017,599,362,28.68333333,162.0166667,3.991620371,4
09/06/2017,618,308,29.13333333,146.2,3.536701388,6
13/06/2017,777,398,31.58333333,151.1666667,4.525324074,3
14/06/2017,541,270,34.48333333,168.0333333,2.677326388,5
15/06/2017,573,198,36.3,155.45,1.537986111,7
16/06/2017,681,362,37.36666667,167.4333333,4.041400464,4
19/06/2017,641,324,25.25,138,3.460717591,5
20/06/2017,540,236,36.11666667,145.0166667,1.966076392,5
21/06/2017,429,64,26.86666667,43.75,0.225972222,13
22/06/2017,463,153,25.81666667,80.48333334,1.017719907,9
23/06/2017,599,302,42.31666667,160.7833333,3.181342592,6
26/06/2017,553,209,31.95,127.75,1.689398147,9
27/06/2017,454,172,29.86666667,95.31666667,1.20851852,10
28/06/2017,442,171,36.38333333,96.33333333,1.099467592,11
29/06/2017,573,195,32.65,95.13333333,1.327326388,11
30/06/2017,560,192,27.96666667,116.8666667,1.48943287,7
03/07/2017,555,247,34,119.0333333,2.093981481,6
04/07/2017,450,154,44.81666667,125.0166667,1.160752316,5
05/07/2017,436,151,35.11666667,71.73333333,0.988703702,7
06/07/2017,535,204,34.63333333,107.0333333,1.864756945,6
07/07/2017,523,196,39.58333333,103.1666667,1.486203704,8
10/07/2017,508,146,34.96666667,89.06666668,0.950648147,12
11/07/2017,420,119,39.93333333,72.28333334,0.868599537,9
12/07/2017,448,98,42.91666667,69.63333333,0.440393518,10
13/07/2017,499,145,37.86666667,109.4,1.186377316,9
14/07/2017,563,196,39.18333333,137.0166667,1.462581019,12
17/07/2017,595,226,35.4,121.4166667,1.860636574,4
18/07/2017,528,180,47.16666667,121.25,1.257905092,8
19/07/2017,452,112,36.2,59.13333333,0.69263889,14
20/07/2017,524,141,33.03333333,78.56666667,0.951342594,13
21/07/2017,492,126,35.88333333,80.2,0.7490625,13
24/07/2017,573,209,46.58333333,122.8333333,1.4240625,9
25/07/2017,478,168,42.85,106.8333333,1.13712963,10
26/07/2017,481,107,40.03333333,87.53333333,0.447766204,16
27/07/2017,620,233,39.01666667,137.8833333,1.915150464,6
31/07/2017,833,484,43.66666667,195.8333333,5.828726851,4
02/07/2016,3,3,0,12.8,0.009293981,1
16/07/2016,1,1,0,0.7,0.000486111,1
22/07/2016,11,11,0,41.2,0.059791667,3
23/07/2016,1,1,0,0.283333333,0.000196759,1
06/08/2016,1,1,0,0.3,0.000208333,1
13/08/2016,1,1,0,0.766666667,0.000532407,1
20/08/2016,3,3,0,1.233333333,0.001377315,2
10/09/2016,1,1,0,0.783333333,0.000543981,1
17/09/2016,1,1,0,0.316666667,0.000219907,1
08/10/2016,1,1,0,0.333333333,0.000231481,1
29/10/2016,1,1,0,0.683333333,0.000474537,1
12/11/2016,1,1,0,0.8,0.000555556,1
19/11/2016,1,1,0,0.65,0.000451389,1
26/11/2016,1,1,0,0.2,0.000138889,1
27/11/2016,3,3,0,0.85,0.001030093,2
03/12/2016,1,1,0,0.666666667,0.000462963,1
04/12/2016,3,3,0,1.549999999,1.08E-03,3
10/12/2016,2,2,0,1.033333334,0.000717593,2
24/12/2016,1,1,0,0.383333333,0.000266204,1
26/12/2016,1,1,0,0.533333333,0.00037037,1
27/12/2016,1,1,0,0.666666667,0.000462963,1
28/12/2016,12,12,0,4.333333334,0.005358797,6
29/12/2016,6,6,0,5.65,0.005381945,4
07/01/2017,1,1,0,0.366666667,0.00025463,1
08/01/2017,1,1,0,0.833333333,0.000578704,1
26/01/2017,1,1,0,0.666666667,0.000462963,1
28/01/2017,1,1,0,0.033333333,2.31E-05,1
29/01/2017,2,2,0,0.9,0.000625,2
04/02/2017,3,3,0,35.58333334,0.024710648,2
11/02/2017,1,1,0,0.7,0.000486111,1
12/02/2017,3,3,0,1.283333334,0.000891203,3
14/02/2017,438,119,28.58333333,55.75,0.651944444,9
25/02/2017,1,1,0,0.833333333,0.000578704,1
18/03/2017,2,2,0,0.516666667,0.000717593,1
19/03/2017,1,1,0,0.3,0.000208333,1
25/03/2017,2,2,0,2.183333333,0.001516203,2
26/03/2017,2,2,0,1.566666667,0.001087963,2
29/03/2017,369,50,22.58333333,39.48333333,0.197337963,9
01/04/2017,1,1,0,0.3,0.000208333,1
02/04/2017,2,2,0,0.633333333,4.40E-04,2
08/04/2017,2,2,0,5.65,0.007847222,1
14/04/2017,1,1,0,0.583333333,0.000405093,1
15/04/2017,2,2,0,1.5,0.001041667,2
22/04/2017,3,3,0,0.583333334,0.000729167,2
23/04/2017,1,1,0,0.633333333,0.000439815,1
25/04/2017,1,1,0,1.116666667,0.000775463,1
06/05/2017,4,4,0,0.366666667,0.000763889,2
07/05/2017,2,2,0,1.083333334,0.000752315,2
13/05/2017,6,6,0,2.916666667,0.002314815,5
14/05/2017,1,1,0,0.55,0.000381944,1
27/05/2017,1,1,0,0.55,0.000381944,1
03/06/2017,2,2,0,2.033333333,0.001412037,2
04/06/2017,1,1,0,0.75,0.000520833,1
10/06/2017,2,2,0,0.95,0.000659722,2
11/06/2017,2,2,0,1.2,0.000833333,2
17/06/2017,1,1,0,0.4,0.000277778,1
24/06/2017,3,3,0,0.833333333,0.000949074,2
25/06/2017,1,1,0,0.483333333,0.000335648,1
01/07/2017,2,2,0,0.866666667,0.000601852,2
22/07/2017,1,1,0,0.3,0.000208333,1
28/07/2017,20,20,0,28.96666666,0.097256945,5
01/08/2017,555,194,31.78333333,138.3666667,1.54681713,5
02/08/2017,488,114,32.13333333,64.8,0.633252315,12
03/08/2017,479,112,27.63333334,79.51666667,0.565729168,10
04/08/2017,575,196,39.48333333,142.45,1.694953702,4
05/08/2017,1,1,0,1.75,0.001215278,1
08/08/2017,785,337,37.08333333,190.9,3.132604166,4
09/08/2017,520,143,36.5,94.78333334,0.872430556,8
10/08/2017,601,205,33.88333333,144.1666667,1.504826389,8
11/08/2017,619,243,34.68333333,127.65,2.161655091,6
14/08/2017,592,179,44.41666667,116.6333333,1.249965277,8
15/08/2017,604,227,32.78333333,113.3166667,1.700763887,9
16/08/2017,442,66,37.85,49.93333333,0.184409723,14
17/08/2017,474,75,27.65,38.53333333,0.240798611,13
18/08/2017,570,142,29.23333333,61.78333333,0.813599538,9
21/08/2017,548,229,48.68333333,136.7333333,1.863773148,7
22/08/2017,497,182,58.21666667,145.75,1.358495368,8
23/08/2017,469,165,34.48333333,92.03333333,1.106724537,12
24/08/2017,481,135,38,70.33333333,0.692743055,12
25/08/2017,578,196,26.75,88.06666666,1.349907407,8
28/08/2017,583,231,36.13333333,153.1,1.879432871,9
29/08/2017,479,162,29.6,80.16666667,1.004606481,11
30/08/2017,435,114,39.33333333,88.15,0.659710649,10
31/08/2017,460,129,34.36666667,68.83333333,0.635752314,12
01/09/2017,445,91,45.11666667,96.61666667,0.423379629,12
02/09/2017,2,2,0,0.816666667,0.00056713,2
04/09/2017,561,209,41.06666667,132.7666667,1.482777778,13
05/09/2017,436,110,44.3,94.16666667,0.614953704,10
06/09/2017,449,141,28.78333333,77.46666666,0.852939815,10
07/09/2017,513,101,44.6,71.26666667,0.48304398,11
08/09/2017,517,159,33.95,91.85,1.113634259,7
09/09/2017,1,1,0,0.55,0.000381944,1
11/09/2017,558,168,28.83333333,77.25,1.028599538,7
12/09/2017,481,144,41.1,82.63333333,0.840011574,11
13/09/2017,442,109,36.25,81.05,0.537060184,15
14/09/2017,449,30,41.13333333,19.81666667,0.037094907,14
15/09/2017,466,42,33,25.1,0.107476853,13
18/09/2017,550,110,29.83333333,57.23333333,0.493819444,13
19/09/2017,480,106,30.8,67.06666666,0.565671295,10
20/09/2017,428,65,36.55,41.66666667,0.234988426,10
21/09/2017,497,103,32,81.73333333,0.516597223,13
22/09/2017,525,108,43.75,73.31666667,0.505439815,14
25/09/2017,502,70,26.5,34.5,0.207199073,10
26/09/2017,423,45,32.13333333,24.46666667,0.106180556,10
27/09/2017,416,86,29.7,57.11666667,0.386087962,12
28/09/2017,395,47,41.48333333,37.93333333,0.107824076,14
29/09/2017,440,133,27.21666667,80.76666666,0.988703704,5
02/10/2017,427,95,30.85,73.33333334,0.555416666,11
03/10/2017,420,87,43.28333333,69.48333333,0.358483796,12
04/10/2017,402,71,42.06666667,67.8,0.302453703,14
05/10/2017,487,76,37.26666667,60.93333333,0.244375,13
06/10/2017,464,57,29.65,29.73333333,0.131712962,14
09/10/2017,493,116,48.15,75.7,0.641203705,12
10/10/2017,441,54,42.36666667,40.95,0.135717592,14
11/10/2017,421,56,38.65,52.05,0.244074073,14
12/10/2017,392,39,40.1,29.08333333,0.104212962,13
13/10/2017,421,35,24.28333333,24.1,0.107569445,9
16/10/2017,512,189,57.9,136.4166667,1.243842593,8
17/10/2017,420,139,42.65,94.33333333,0.843541666,10
18/10/2017,438,125,40.66666667,75.93333334,0.696759257,12
19/10/2017,501,151,30.75,85.41666667,0.917905093,10
20/10/2017,485,109,40.56666667,80.51666667,0.536134258,13
23/10/2017,544,174,43.71666667,126.9333333,1.116006946,10
24/10/2017,450,107,30.26666667,77.81666667,0.529108798,13
25/10/2017,385,85,29.91666667,64.2,0.489988426,9
26/10/2017,376,84,32.8,51.41666667,0.37732639,12
27/10/2017,391,60,51.16666667,51.35,0.285925927,12
30/10/2017,449,85,31.95,54.63333333,0.313726851,14
31/10/2017,420,89,35.33333333,56.38333333,0.279224536,15
01/11/2017,389,76,37.73333334,72.65,0.308113425,11
02/11/2017,453,104,46.53333333,47,0.42388889,11
03/11/2017,467,116,34.7,70.8,0.54497685,14
04/11/2017,2,2,0,2.233333333,0.001550926,2
06/11/2017,533,197,39.41666667,86.33333334,1.331030092,6
07/11/2017,405,144,43.41666667,81.55,0.8690625,10
08/11/2017,416,127,41.65,81.15,0.69017361,14
09/11/2017,410,108,39.55,74.5,0.491678239,11
10/11/2017,488,165,43.38333333,106.8833333,1.186099538,7
13/11/2017,536,167,35.2,90.4,0.96601852,15
14/11/2017,422,97,38.46666667,76.33333334,0.470115741,13
15/11/2017,415,64,37.78333333,48.6,0.195740742,13
16/11/2017,486,140,33.33333333,87.56666667,0.679479166,13
17/11/2017,501,115,38.8,101.65,0.627638889,14
18/11/2017,1,1,0,3.416666667,0.002372685,1
20/11/2017,528,186,36.71666667,89.91666667,1.275868055,9
21/11/2017,473,184,32.68333333,100.0166667,1.251909723,11
22/11/2017,464,169,44.83333333,113.8333333,1.228703703,8
23/11/2017,419,100,44.8,75.08333333,0.574074074,11
24/11/2017,435,141,36.93333333,64.76666667,0.730578702,10
27/11/2017,544,206,36.38333333,93.36666667,1.425821759,6
28/11/2017,364,89,46.21666667,82,0.421388888,12
29/11/2017,386,109,44.96666667,85.55,0.662129629,11
30/11/2017,531,212,42.45,119.9166667,1.474768519,6
01/12/2017,484,119,36.01666667,60.11666667,0.627094907,11
04/12/2017,480,170,74.58333333,118.8666667,1.127083335,8
05/12/2017,439,102,49.25,61.96666667,0.453217592,18
06/12/2017,380,108,48,67.9,0.653969908,9
07/12/2017,396,92,42.48333333,38.21666667,0.271377315,13
08/12/2017,388,77,40.2,45.38333333,0.310370369,11
11/12/2017,486,101,47.75,67.23333333,0.503726852,13
12/12/2017,440,98,31.51666667,54.88333333,0.400659721,12
13/12/2017,420,124,42.71666667,84.73333334,0.685277776,11
14/12/2017,482,115,36.98333333,67.05,0.474027778,12
15/12/2017,501,116,30.36666667,55.01666667,0.465567129,11
18/12/2017,512,154,58.85,114.3166667,0.971203703,12
19/12/2017,449,132,35.01666667,84.63333333,0.785972223,13
20/12/2017,397,106,35.68333333,64.4,0.456006944,11
21/12/2017,433,103,37.2,75.18333334,0.400520833,12
22/12/2017,414,85,29.48333333,53.95,0.367974534,10
02/01/2018,750,298,50.05,117.5666667,2.13375,11
03/01/2018,462,155,43.38333333,104.45,0.969421297,11
04/01/2018,504,123,43.71666667,72.4,0.539872685,13
05/01/2018,431,103,45.81666667,77.4,0.461296297,12
08/01/2018,560,179,33.73333333,88.58333333,0.970775463,11
09/01/2018,530,178,36.75,93.08333334,1.02E+00,14
10/01/2018,459,118,34.6,59.28333334,0.541238425,12
11/01/2018,452,83,46.28333333,63.41666667,0.293981482,13
12/01/2018,455,115,41.95,88.33333333,0.658437502,12
15/01/2018,511,122,37.15,95.18333333,0.685335649,12
16/01/2018,426,106,37.58333334,58.21666667,0.536006944,12
17/01/2018,406,88,54.46666667,64.83333333,0.433877314,12
18/01/2018,415,81,49.81666667,79.63333334,0.332777776,15
19/01/2018,486,116,43.01666667,91.16666666,0.636979168,10
22/01/2018,568,156,43.6,106.15,0.819143518,15
23/01/2018,446,140,66.63333334,114.2,0.818194443,13
24/01/2018,404,96,34.25,60.46666667,0.369895832,14
25/01/2018,515,101,31.98333333,60.48333333,0.405960647,10
26/01/2018,29,29,0,131.7,0.320115739,4
29/01/2018,637,275,45.08333333,115.0333333,1.933368055,10
30/01/2018,430,105,53.11666666,65.4,0.482847222,11
31/01/2018,475,154,64.3,96.76666667,0.976400464,9
01/02/2018,408,95,42.56666667,76.48333333,0.489247685,10
02/02/2018,484,166,39.86666667,92.05,1.050729167,10
05/02/2018,524,176,37.35,115.0333333,1.199016204,6
06/02/2018,434,155,40.06666667,96.05,0.937696758,10
07/02/2018,477,140,52.26666667,84.78333333,0.591967593,13
08/02/2018,449,143,61.31666667,106.0833333,0.898090279,9
09/02/2018,499,189,51.8,136.9,1.259212963,8
12/02/2018,540,205,46.43333333,106.2,1.331388889,10
13/02/2018,448,176,62.43333333,120.9,1.156597224,9
14/02/2018,402,98,56.45,73.03333333,0.401087963,15
15/02/2018,435,116,41.53333333,80.43333334,0.599560185,12
16/02/2018,451,145,40.35,74.26666666,0.835381943,8
19/02/2018,525,171,39.55,109.8666667,1.098321759,11
20/02/2018,434,158,39.31666667,105.2666667,1.016365739,10
21/02/2018,397,100,44.2,70.91666667,0.441064814,8
22/02/2018,468,124,41.96666667,70.45,0.581886574,14
23/02/2018,465,137,38.16666667,96.66666667,0.761111111,9
26/02/2018,478,139,56.38333333,101.3166667,0.712719907,11
27/02/2018,462,149,35.43333333,59.45,0.700520834,9
28/02/2018,464,121,32.56666667,54.03333333,0.587488427,8
01/03/2018,410,98,34.9,61.25,0.375057871,12
02/03/2018,453,80,39.83333333,52.18333333,0.309502316,13
05/03/2018,458,113,44.15,69.13333333,0.475925927,14
06/03/2018,369,127,45.26666667,92.21666667,0.657106482,11
07/03/2018,395,110,45.11666667,67.81666667,0.538356482,12
08/03/2018,443,132,29.26666667,81.88333332,0.777048611,8
09/03/2018,490,172,34.48333333,83.45,1.141909721,11
12/03/2018,481,132,26.96666667,68.88333333,0.638553241,14
13/03/2018,439,92,46.16666667,66.15,0.373553241,12
14/03/2018,374,107,42.63333333,63.83333333,0.475393518,9
15/03/2018,389,102,35.45,72.88333333,0.455983797,10
16/03/2018,422,106,35.81666667,71.03333334,0.461712962,12
19/03/2018,145,115,8.983333334,44.7,1.153356481,3
20/03/2018,489,179,34.16666667,85.36666666,1.033761574,9
21/03/2018,420,106,41.1,72.38333333,0.488379628,10
22/03/2018,446,129,31.11666667,75.2,0.714293982,11
23/03/2018,442,117,45.95,60.61666667,0.521481483,15
26/03/2018,485,157,54.01666667,139.6,1.096770834,8
27/03/2018,466,157,36.53333333,82.28333333,0.915613426,9
28/03/2018,413,77,40.91666667,64.73333333,0.300844907,13
29/03/2018,464,100,59.8,68.21666667,0.407662037,12
03/04/2018,624,222,44.61666667,105.85,1.393935186,9
04/04/2018,464,129,42.68333333,80.38333333,0.74732639,8
05/04/2018,529,167,48.43333333,85.93333333,1.01758102,14
06/04/2018,461,129,48.06666667,74.55000001,0.761446759,9
09/04/2018,515,172,53.35,116.1833333,1.173715278,11
10/04/2018,393,84,46.61666667,69.75,0.409050926,12
11/04/2018,372,71,38.4,56.05,0.347222222,9
12/04/2018,372,98,41.2,69.70000001,0.438553243,10
13/04/2018,404,75,59.81666667,47.05,0.321307869,11
16/04/2018,502,152,38.63333333,104.3,0.832129629,11
17/04/2018,411,105,52.81666667,97.71666667,0.620578704,7
18/04/2018,479,130,36.21666667,73.55,0.667511574,12
19/04/2018,446,110,34.68333333,69.53333334,0.723287037,8
20/04/2018,462,143,31.45,71.5,0.747858796,11
23/04/2018,491,100,46.03333333,60.75,0.442997687,13
24/04/2018,406,70,43.05,64.63333333,0.264756944,12
26/04/2018,482,145,35.8,88.65,0.844756946,11
27/04/2018,512,177,39.15,89.83333333,1.100347222,7
28/04/2018,1,1,0,0.683333333,0.000474537,1
30/04/2018,501,128,45.51666667,94.81666667,0.661516203,12
01/05/2018,424,119,34.83333333,53.91666667,0.618877318,10
02/05/2018,415,91,34.71666667,54.45,0.415925927,11
03/05/2018,482,159,44.51666667,81.56666667,0.860925927,14
04/05/2018,462,140,40.63333334,94.41666666,0.767743055,13
08/05/2018,581,228,43.51666667,99.41666667,1.57792824,12
09/05/2018,433,114,44.1,80.98333334,0.620532406,10
10/05/2018,398,90,38.35,61.61666667,0.418587964,11
11/05/2018,458,120,40.26666667,80.78333333,0.696284722,11
14/05/2018,506,195,44.31666667,105.0833333,1.284606482,10
15/05/2018,366,68,34.25,44.31666667,0.248518518,11
16/05/2018,392,130,45.21666667,77.93333333,0.767314815,9
17/05/2018,447,131,32.93333333,70.23333333,0.664027778,11
18/05/2018,436,83,37.85,59.51666667,0.318645834,13
21/05/2018,480,202,34.35,126.4833333,1.539363427,8
22/05/2018,429,166,35.73333333,80.71666666,1.088530091,8
23/05/2018,425,139,41.86666667,91.16666666,0.786342593,9
24/05/2018,449,159,37.81666667,71.86666666,0.947997684,9
25/05/2018,430,140,39.8,97.58333334,0.899236109,9
28/05/2018,496,180,36.75,108.05,1.212268521,9
29/05/2018,406,108,38.25,62.43333334,0.551030092,10
30/05/2018,410,150,48.48333333,96.8,0.933229169,10
31/05/2018,410,153,46.13333333,97.76666667,0.96164352,10
01/06/2018,476,176,44.91666667,129.6833333,1.324074074,7
04/06/2018,551,230,36.86666667,108.9833333,1.662037037,7
05/06/2018,465,182,69.85,126.65,1.347499999,9
06/06/2018,409,159,43.31666667,79.46666666,1.052685185,5
07/06/2018,432,164,34.56666667,81.1,1.170648149,6
08/06/2018,437,158,43.7,121.2,1.28761574,3
12/06/2018,592,258,34.3,132.7166667,2.22175926,5
13/06/2018,427,155,72.45,110.0666667,1.056319445,8
14/06/2018,481,180,38.96666667,81.73333334,1.183668981,9
15/06/2018,526,205,42.61666667,118.2333333,1.572013889,6
18/06/2018,588,217,46.31666666,100.6833333,1.35392361,12
19/06/2018,418,124,42.93333333,113.5166667,1.03074074,5
20/06/2018,476,178,41.9,107.0666667,1.29E+00,8
21/06/2018,450,180,42.56666667,130.3,1.269907406,6
22/06/2018,415,132,36.66666667,83.31666667,0.829270834,9
25/06/2018,504,194,30.41666667,76.46666667,1.26265046,9
26/06/2018,429,149,33.28333334,78,0.952118056,8
27/06/2018,406,162,36.5,116.1666667,1.29849537,8
28/06/2018,472,191,36.45,104.1666667,1.353506944,7
29/06/2018,487,181,37.68333333,106.1,1.231481481,8
07/08/2017,3,3,0,2.033333333,0.001412037,3
12/08/2017,3,3,0,1.333333333,0.000925926,3
13/08/2017,2,2,0,1.366666667,0.000949074,2
26/08/2017,1,1,0,0.533333333,0.00037037,1
23/09/2017,2,2,0,0.216666667,0.000300926,1
07/10/2017,1,1,0,0.5,0.000347222,1
14/10/2017,2,2,0,0.85,0.000590278,2
11/11/2017,2,2,0,1.016666667,0.001412037,1
26/11/2017,1,1,0,0.016666667,1.16E-05,1
02/12/2017,1,1,0,0.5,0.000347222,1
03/12/2017,1,1,0,0.516666667,0.000358796,1
09/12/2017,2,2,0,0.666666667,0.000462963,2
16/12/2017,5,5,0,2.750000001,0.001909723,5
06/01/2018,2,2,0,0.766666667,0.000532408,2
13/01/2018,1,1,0,0.3,0.000208333,1
14/01/2018,1,1,0,0.2,0.000138889,1
28/01/2018,2,2,0,1.15,0.000798611,2
03/02/2018,2,2,0,1.1,0.000763889,2
10/02/2018,5,5,0,1.8,0.001458333,4
11/02/2018,1,1,0,0.283333333,0.000196759,1
17/02/2018,1,1,0,0.566666667,0.000393519,1
03/03/2018,2,2,0,1.15,0.000798611,2
10/03/2018,1,1,0,0.316666667,0.000219907,1
17/03/2018,1,1,0,0.116666667,8.10E-05,1
24/03/2018,1,1,0,0.516666667,0.000358796,1
30/03/2018,1,1,0,2.616666667,0.00181713,1
21/04/2018,2,2,0,0.916666667,0.001273148,1
25/04/2018,2,2,0,2.216666667,0.001539352,2
07/05/2018,1,1,0,1.65,0.001145833,1
12/05/2018,2,2,0,57.05,0.039618056,1
02/06/2018,2,2,0,1.5,0.001041666,2
09/06/2018,2,2,0,0.383333333,0.000532407,1
11/06/2018,2,2,0,1.216666667,0.000844907,2
16/06/2018,1,1,0,0.55,0.000381944,1
02/07/2018,447,164,48.51666667,119.7,1.275891204,7
03/07/2018,393,116,34.61666667,72.85000001,0.624849536,12
04/07/2018,370,69,39.95,70.80000001,0.317673613,10
05/07/2018,437,153,45.11666667,79.51666666,1.030092593,7
06/07/2018,363,84,30.11666667,56.61666667,0.44767361,10
09/07/2018,472,165,48.33333333,115.7,0.946967593,12
10/07/2018,400,133,41.93333333,100.4833333,0.847199074,8
11/07/2018,369,118,46.73333333,99.13333334,0.734722223,9
12/07/2018,432,144,41.73333333,103.0666667,0.959108798,10
13/07/2018,426,120,47.13333333,76.4,0.649409722,13
16/07/2018,528,201,44.8,105.35,1.455925927,8
17/07/2018,415,104,28.16666667,45.96666667,0.468078704,9
18/07/2018,422,119,39.18333333,79.63333333,0.65855324,10
19/07/2018,397,101,29.65,66.88333333,0.579525463,9
20/07/2018,438,149,45.68333333,96.65,0.951770833,12
23/07/2018,505,210,44.06666667,110.9166667,1.712476851,6
24/07/2018,426,137,48.33333333,94.45,0.856446761,9
25/07/2018,380,117,40.16666667,85.35,0.783784723,11
26/07/2018,463,154,55.68333334,101.0333333,0.943935185,12
30/07/2018,588,203,45.43333333,127.1833333,1.403321758,10
31/07/2018,460,164,38.23333333,93.68333332,1.085289353,9
01/08/2018,427,163,38.61666667,117.85,1.249618054,6
02/08/2018,424,152,45.4,100.0333333,1.025601853,8
03/08/2018,439,165,43.55,160.3666667,1.222627316,6
07/08/2018,616,316,60.26666667,228.6,3.118148148,2
08/08/2018,440,174,48.95,95.18333333,1.265636574,7
09/08/2018,456,184,39.76666667,101.15,1.514780092,5
10/08/2018,471,215,50.15,119.8833333,1.848553239,8
13/08/2018,537,215,62.76666666,151.4666667,1.822164352,8
14/08/2018,503,222,42.66666667,149.7,1.928032406,4
15/08/2018,432,166,37.76666667,92.54999999,1.340694445,7
16/08/2018,419,167,56.16666666,108.4833333,1.396261575,7
17/08/2018,491,197,45.71666667,121.75,1.3134375,9
20/08/2018,455,174,39.96666667,105.7833333,1.223495371,5
21/08/2018,410,163,45.56666667,127.7666667,1.205486112,7
22/08/2018,439,181,33.81666667,82.48333332,1.207881945,8
23/08/2018,454,183,44.28333333,111.2333333,1.153657408,9
24/08/2018,445,191,55.46666667,153.5333333,1.573391204,5
27/08/2018,469,213,45.11666667,157.1166666,1.874305556,5
28/08/2018,415,153,38.86666667,86.36666667,1.17E+00,6
29/08/2018,399,172,39.33333333,102.1166667,1.274155092,4
30/08/2018,367,98,41.26666667,60.18333333,0.470567129,12
31/08/2018,416,145,34,89.88333334,0.974537036,7
03/09/2018,411,105,33.31666667,55.9,0.480034721,10
04/09/2018,406,180,41.51666667,113.2166667,1.294826389,7
05/09/2018,422,206,44.36666667,150.0333333,1.964780093,4
06/09/2018,396,162,37.11666667,97.84999999,1.099965279,8
07/09/2018,433,197,40.7,116.4666667,1.806400462,8
10/09/2018,500,257,40.25,116.9666667,2.366701388,6
11/09/2018,434,196,47,115.2833333,1.713287035,8
12/09/2018,399,184,38.15,110.8333333,1.829467592,6
13/09/2018,405,191,60.11666667,169,1.595254632,6
14/09/2018,396,168,41.71666667,121.3,1.152847222,8
17/09/2018,528,292,46,196.6333333,3.061736111,4
18/09/2018,444,183,38.26666667,88.13333333,1.438344909,8
19/09/2018,375,131,34.03333333,83.41666667,0.743993056,12
20/09/2018,420,180,48.45,108.8333333,1.280636573,9
21/09/2018,460,223,43.18333333,125.4333333,1.883900463,4
24/09/2018,537,303,43,150.75,3.403715278,4
25/09/2018,398,185,54.51666667,146.25,1.624247684,7
26/09/2018,424,207,49.38333333,155.45,1.829421295,4
27/09/2018,416,201,40.05,94.66666667,1.563449075,6
28/09/2018,446,204,48.45,153.2,1.864537038,6
01/10/2018,459,204,37.45,115.2333333,1.453530093,7
02/10/2018,394,185,43.23333333,215.9333333,2.051550925,3
03/10/2018,447,243,42.58333333,147.85,2.248599536,4
04/10/2018,397,198,42.6,169.5333333,2.063391203,1
05/10/2018,410,194,32.55,122.4333333,1.77980324,6
08/10/2018,423,200,32.88333333,132.65,1.885868057,5
09/10/2018,413,192,44.3,109.15,1.497731482,6
10/10/2018,446,225,34.21666667,139.8166667,1.904270834,7
11/10/2018,420,164,36.46666667,108.9333333,1.291307871,9
12/10/2018,419,178,51.73333333,145.5333333,1.393483795,8
13/10/2018,1,1,0,0.566666667,0.000393519,1
15/10/2018,520,229,45.16666667,162.5833333,1.874479168,7
16/10/2018,411,178,35.5,127.6,1.307222222,11
17/10/2018,386,151,30.06666667,100.3333333,1.131157409,4
18/10/2018,414,143,61.3,145.6,1.07201389,10
19/10/2018,386,149,40.2,92.86666666,1.007372686,10
22/10/2018,480,229,41.65,129.1333333,2.25335648,4
23/10/2018,373,180,45.95,107.4333333,1.66337963,5
24/10/2018,451,249,53.6,132.6,2.154074075,4
25/10/2018,335,101,44.96666667,82.05000001,0.662407406,8
26/10/2018,387,148,34.41666667,97.28333333,0.971956019,10
29/10/2018,435,170,36.15,100.9166667,1.278518518,5
30/10/2018,385,149,52.31666667,104.7,1.082754629,11
31/10/2018,370,89,32.2,59.18333333,0.363738425,10
01/11/2018,376,120,36.21666667,78.56666667,0.718217592,10
02/11/2018,368,145,39.3,95.58333334,1.11E+00,6
05/11/2018,486,172,31.21666667,110.2,1.222488425,8
06/11/2018,299,70,50.78333333,58.1,0.326608797,12
07/11/2018,341,71,27.31666667,38.68333333,0.272997685,10
08/11/2018,418,171,35.81666667,101.8333333,1.054189815,9
09/11/2018,458,163,38,118.85,1.211516203,5
12/11/2018,433,126,32.75,88.05000001,0.74472222,10
13/11/2018,348,69,43.65,50.05,0.222951389,16
14/11/2018,367,84,31.46666667,81.38333334,0.418206019,10
15/11/2018,393,60,36.08333333,49.86666667,0.239062499,12
16/11/2018,407,69,31.36666667,56.48333334,0.268726852,13
19/11/2018,483,192,29.75,97.68333334,1.43295139,8
20/11/2018,365,101,49.35,97.33333333,0.503206019,12
21/11/2018,372,122,39.55,83.05,0.803206019,7
22/11/2018,344,99,38.75,63.11666667,0.550925926,11
23/11/2018,366,95,32.15,62.65,0.466157408,8
26/11/2018,444,174,40.88333333,98.7,1.28E+00,7
27/11/2018,332,82,29.38333333,69.93333334,3.89E-01,9
28/11/2018,370,113,45.28333333,90.86666667,0.59847222,13
29/11/2018,439,193,34.21666667,90.96666666,1.365775462,6
30/11/2018,378,109,35.15,76.23333334,0.722199075,6
03/12/2018,451,156,46.3,115.3,1.164861111,5
04/12/2018,390,142,36.15,71.5,0.803981481,13
05/12/2018,387,143,39.71666667,109.9,1.096076388,5
06/12/2018,373,141,34.38333333,93.03333333,0.88599537,9
07/12/2018,311,81,33.2,60.38333333,0.409733797,10
10/12/2018,477,210,46.78333333,126.5666667,1.473888886,11
11/12/2018,352,87,28.38333333,54.73333333,0.395243055,12
12/12/2018,374,100,34.81666667,68.51666667,0.524594908,10
13/12/2018,418,169,38.88333333,108.1666667,1.186585648,10
14/12/2018,349,104,34.51666667,89.7,0.673923611,9
17/12/2018,484,201,38.65,114.65,1.671122685,6
18/12/2018,393,80,31.35,57.85,0.348912037,10
19/12/2018,402,89,27.76666667,46.28333333,0.388587962,9
20/12/2018,366,65,28.06666667,46.33333333,0.295775462,10
21/12/2018,426,74,35.96666667,50.61666667,0.336284723,12
24/12/2018,295,32,31.08333333,24.4,0.099583335,9
27/12/2018,392,392,0,168.95,5.541273148,4
02/01/2019,638,329,48.53333334,145,3.106307872,3
03/01/2019,411,111,36.7,73.41666667,0.528935185,12
04/01/2019,372,112,38,89.58333333,0.690578704,11
07/01/2019,495,218,43.01666667,140.2666667,1.855300925,8
08/01/2019,414,121,32.98333333,79.65,0.577719908,14
09/01/2019,380,85,31.38333333,76.13333333,0.491435186,10
10/01/2019,436,183,72,136.1666667,1.26943287,11
11/01/2019,454,119,45.56666667,90.35000001,0.491099537,14
14/01/2019,502,203,30.65,97.9,1.389201389,9
15/01/2019,457,166,46.45,111.6166667,1.055717592,11
16/01/2019,416,125,26.43333333,76.78333333,0.75357639,8
17/01/2019,400,175,35.86666667,93.45,1.036331018,10
18/01/2019,392,99,31.08333333,72.86666667,0.431689815,14
21/01/2019,454,181,40.21666667,137.6,1.464884261,6
22/01/2019,403,123,36.93333333,89.41666667,0.658680555,9
23/01/2019,352,88,26.65,70.56666667,0.482719906,9
24/01/2019,401,129,45.3,112.7333333,0.752453704,11
25/01/2019,362,106,35.53333333,70.76666667,0.619768518,8
29/01/2019,491,206,34.58333333,132.5666667,1.577881945,8
30/01/2019,412,152,42.85,125.8666667,1.059062501,7
31/01/2019,442,185,25.31666667,92.03333334,1.275289352,11
01/02/2019,408,146,33.68333333,123.7166667,0.992662039,5
04/02/2019,419,134,31.78333333,86.38333333,0.933379629,9
05/02/2019,408,136,30.46666667,114.6666667,0.910497684,6
06/02/2019,388,104,28.76666667,79.33333333,0.570486111,11
07/02/2019,417,132,30.26666667,85.75,0.701111112,12
08/02/2019,416,128,39.21666667,90,0.619571759,14
11/02/2019,531,235,35.9,155.1666667,2.095115742,6
12/02/2019,363,100,34.68333333,66.53333333,0.532777777,10
13/02/2019,344,62,31.81666667,38.21666667,0.189016204,12
14/02/2019,352,131,42.51666667,93.38333334,0.838692129,9
15/02/2019,431,177,30.53333333,109.25,1.367199075,7
18/02/2019,479,163,36.03333333,96.9,1.021226853,9
19/02/2019,436,114,42.06666667,59.7,0.512881944,11
20/02/2019,375,101,26.26666667,71.26666667,0.437777777,11
21/02/2019,419,142,35.38333333,94.31666667,0.777094908,10
22/02/2019,408,120,41.91666667,74.53333334,0.657083333,11
25/02/2019,470,158,38.13333333,76.85000001,0.984097223,10
26/02/2019,347,93,41.91666667,67.45,0.469745372,13
27/02/2019,323,49,29.61666667,36.53333333,1.55E-01,11
28/02/2019,384,115,32.06666667,65.88333333,0.745138889,7
01/03/2019,437,166,41.1,119.55,1.123576392,9
04/03/2019,485,186,35.85,106.3333333,1.171747684,7
05/03/2019,372,85,37.23333333,67.58333333,0.446342593,9
06/03/2019,396,130,54.9,125.1333333,0.770787036,10
07/03/2019,454,161,28,87.03333333,0.948287037,9
08/03/2019,438,200,38.55,120.1833333,1.564328703,6
11/03/2019,515,245,43.81666667,132.3666667,2.071064815,6
12/03/2019,414,159,33.88333333,88.14999999,0.990520835,9
13/03/2019,434,172,31.46666667,88.73333333,1.26826389,8
14/03/2019,457,189,68.06666666,129.25,1.589340277,10
15/03/2019,450,168,32.21666667,128.45,1.281678241,11
18/03/2019,435,157,30.28333333,68.73333333,0.866770833,9
19/03/2019,399,141,38.55,111.5666667,0.945497685,9
20/03/2019,370,108,32.91666667,88.75,0.621307871,11
21/03/2019,419,156,41.1,83.9,0.894641203,9
22/03/2019,352,120,41.56666667,114.6666667,0.804189813,9
25/03/2019,476,172,33.68333333,96.43333334,0.918692129,13
26/03/2019,362,148,37.58333333,88.16666666,0.957280092,11
27/03/2019,377,119,29.05,87.91666667,0.823530094,9
28/03/2019,348,115,36.53333333,60.3,0.567476853,9
29/03/2019,386,153,60.98333333,137.0333333,1.155358796,6
01/04/2019,446,172,44.7,120.45,1.264768519,10
02/04/2019,379,122,33.85,77.01666667,0.688240741,11
03/04/2019,375,100,33.71666667,48.93333333,0.401932871,12
04/04/2019,421,152,49.13333334,81.65,0.895555554,11
05/04/2019,421,152,41.26666667,131.8333333,1.015381942,6
08/04/2019,403,121,34.65,106.6666667,0.695543982,9
09/04/2019,377,118,33.88333333,89.76666667,0.657986111,10
10/04/2019,380,142,38.6,98.80000001,0.752500001,12
11/04/2019,419,128,26.56666667,90.55,0.80306713,8
12/04/2019,447,138,25.95,80.4,0.847476852,10
15/04/2019,530,274,51.86666667,181.9666667,2.619456018,5
16/04/2019,397,170,43.08333333,128.2833333,1.333854167,7
17/04/2019,398,123,32.31666667,102.5833333,0.729282408,9
18/04/2019,541,209,34.83333334,107.1,1.469953704,7
23/04/2019,577,254,42.65,175.0166667,2.141793983,3
24/04/2019,498,195,31.28333333,103.1666667,1.628946758,8
26/04/2019,517,222,42.16666667,136.2,1.734606481,5
29/04/2019,533,199,34.25,108.0666667,1.425671296,7
30/04/2019,388,148,45.45,94.33333333,1.058449074,7
01/05/2019,407,165,31.43333334,124.6166667,1.342499999,6
02/05/2019,437,179,34.66666667,104.05,1.38775463,7
03/05/2019,474,197,35.8,115.0333333,1.494537039,7
07/05/2019,553,244,31.6,103.2333333,2.222939815,3
08/05/2019,417,172,33.18333333,125.3333333,1.456967592,7
09/05/2019,408,167,36.01666667,94.53333334,1.320243057,7
10/05/2019,394,148,46,111.3833333,1.132118054,8
13/05/2019,519,234,32.5,130.4333333,1.894918981,7
14/05/2019,435,169,31.23333333,97.5,1.268217594,7
15/05/2019,383,101,42.45,103.1666667,0.557210648,11
16/05/2019,381,109,29.21666667,85.93333333,0.572094908,12
17/05/2019,424,149,30.16666667,97.7,0.964328704,10
20/05/2019,458,181,62,150.1833333,1.461365741,9
21/05/2019,396,106,35.4,68.9,0.516597221,11
22/05/2019,380,90,47.18333334,97.78333334,0.433182872,13
23/05/2019,373,112,37.23333333,80.35000001,0.701157407,12
24/05/2019,390,145,36.01666667,99.78333333,1.168101853,7
27/05/2019,448,208,39.55,134.2333333,1.959768518,3
28/05/2019,405,171,37.76666667,97.58333334,1.191851852,8
29/05/2019,395,129,41.58333334,78.38333334,0.760902777,8
30/05/2019,408,137,37.63333333,129.5666667,1.026388889,5
31/05/2019,422,187,41.96666667,103.9666667,1.310104166,7
03/06/2019,470,183,44.9,172.8333333,1.475601852,6
04/06/2019,368,143,65.9,128.5333333,1.045185186,8
05/06/2019,326,100,33.33333333,50.06666667,0.41486111,11
06/06/2019,383,139,30.25,89.48333332,1.040706019,6
07/06/2019,434,204,33.96666667,111.2333333,1.662488426,6
11/06/2019,508,209,34.35,105.5,1.826238426,2
12/06/2019,403,136,39.15,85.68333333,0.771041668,12
13/06/2019,431,187,45.83333333,121.3833333,1.605405092,5
14/06/2019,455,223,50.76666667,179.8833333,2.03611111,1
17/06/2019,476,243,41.68333333,162.1,2.367222223,5
18/06/2019,435,214,34.5,132.5666667,2.151979166,6
19/06/2019,352,130,31.95,87.83333334,1.07E+00,5
20/06/2019,387,170,42.41666667,141.4166667,1.374131945,6
21/06/2019,379,147,53.16666667,128.45,1.05E+00,9
24/06/2019,143,67,11.18333333,65.6,0.714791667,1
25/06/2019,427,173,32.48333333,85.31666668,1.31798611,2
26/06/2019,424,149,44.68333333,128.1833333,1.282025463,7
27/06/2019,436,201,49.73333333,160.2166667,1.856458333,6
28/06/2019,442,170,65.16666667,153.2833333,1.502893518,5
27/07/2018,9,9,0,12.1,0.014988427,7
06/08/2018,2,2,0,1.35,0.0009375,2
19/08/2018,1,1,0,0.35,0.000243056,1
01/09/2018,1,1,0,0.216666667,0.000150463,1
08/09/2018,1,1,0,0.666666667,0.000462963,1
22/09/2018,1,1,0,0.283333333,0.000196759,1
29/09/2018,1,1,0,0.35,0.000243056,1
06/10/2018,2,2,0,10.46666666,0.007268518,1
20/10/2018,1,1,0,1.333333333,0.000925926,1
17/11/2018,1,1,0,0.583333333,0.000405093,1
18/11/2018,1,1,0,1.233333333,0.000856481,1
01/12/2018,1,1,0,0.716666667,0.000497685,1
15/12/2018,1,1,0,0.116666667,8.10E-05,1
12/01/2019,1,1,0,0.583333333,0.000405093,1
19/01/2019,1,1,0,0.666666667,0.000462963,1
26/01/2019,2,2,0,0.433333333,0.000601852,1
28/01/2019,2,2,0,2.083333333,0.001446759,2
02/02/2019,2,2,0,0.716666667,0.00099537,1
09/02/2019,1,1,0,0.35,0.000243056,1
16/02/2019,1,1,0,0.783333333,0.000543981,1
23/02/2019,2,2,0,73.81666667,0.102523148,0
02/03/2019,1,1,0,13.33333333,0.009259259,0
16/03/2019,1,1,0,0.483333333,0.000335648,1
23/03/2019,1,1,0,0.183333333,0.000127315,1
06/04/2019,1,1,0,0.583333333,0.000405093,1
19/04/2019,2,2,0,3.166666667,0.002199074,2
20/04/2019,2,2,0,0.416666667,0.000578704,1
22/04/2019,3,3,0,1.033333334,0.000717592,3
25/04/2019,1,1,0,10.03333333,0.006967593,0
27/04/2019,1,1,0,0.85,0.000590278,1
04/05/2019,1,1,0,0.516666667,0.000358796,1
06/05/2019,2,2,0,14.15,0.009826389,1
18/05/2019,1,1,0,0.55,0.000381944,1
01/06/2019,3,3,0,1.733333334,0.001909722,2
08/06/2019,1,1,0,1.433333333,0.00099537,1
10/06/2019,1,1,0,0.416666667,0.000289352,1
15/06/2019,1,1,0,0.8,0.000555556,1
01/07/2019,498,215,39.58333333,130.8,1.57181713,10
02/07/2019,362,117,36.2,125.7166667,0.850335648,5
03/07/2019,364,114,46.2,62.75,0.594675925,10
04/07/2019,329,82,33.83333334,67.15,0.480370369,9
05/07/2019,326,76,42.36666667,76.28333334,0.42269676,10
08/07/2019,400,161,31.25,110.7333333,1.179918981,4
09/07/2019,313,88,46.16666667,85.43333333,0.54517361,8
10/07/2019,341,77,34.43333333,84.68333334,0.471192129,8
11/07/2019,360,110,35.16666667,78.61666667,0.730601851,6
12/07/2019,362,128,39.25,100.55,0.789201388,10
15/07/2019,477,216,42.7,140.1333333,1.853101851,3
16/07/2019,384,148,36.93333333,95.1,1.033159723,9
17/07/2019,335,96,37.36666667,60.16666667,0.511215276,9
18/07/2019,364,61,31.05,41.26666667,0.200115741,12
19/07/2019,369,119,38.86666667,93.05,0.736527779,10
22/07/2019,497,259,46.55,198.0333333,2.751550927,5
23/07/2019,417,146,28.16666667,85.45,0.937777776,8
24/07/2019,355,87,47.58333333,77.11666667,0.446817127,13
25/07/2019,439,167,30.15,76.53333333,1.129710648,7
29/07/2019,584,279,42.66666667,151.7,2.552083333,3
30/07/2019,457,173,31.68333333,101.2,1.454548612,5
31/07/2019,324,86,47.03333333,77.86666667,0.472152778,11
01/08/2019,344,110,39.13333333,84.50000001,0.692430556,11
02/08/2019,414,140,38.86666667,123.3166667,1.094247686,7
06/08/2019,577,287,39.48333333,172.1833333,2.656678242,2
07/08/2019,434,166,54.51666667,132.9333333,1.196087964,10
08/08/2019,501,235,44.58333333,148.25,2.028564817,3
09/08/2019,438,171,29.9,141.6833333,1.588263887,3
12/08/2019,490,169,31.81666667,106.7666667,1.120740741,12
13/08/2019,422,147,41.28333333,118.75,0.952118056,9
14/08/2019,386,124,36.13333333,84.05000001,0.774780092,9
15/08/2019,338,80,29.45,77.76666667,0.47912037,11
16/08/2019,383,124,26.2,77.61666667,0.769467593,9
19/08/2019,478,211,29.05,146.8333334,1.87E+00,5
20/08/2019,401,124,42.41666667,80.58333333,0.675254628,8
21/08/2019,347,111,38.3,99.41666667,0.74912037,8
22/08/2019,419,141,35.58333333,105.0166667,0.856631944,9
23/08/2019,447,204,34.25,113.35,1.628032408,8
26/08/2019,452,177,31.2,112.3,1.430231481,7
27/08/2019,420,172,39.16666667,113.3166667,1.349039352,4
28/08/2019,328,139,40.36666667,131.0666667,1.292627317,7
29/08/2019,373,122,35.3,109.05,0.756909721,11
30/08/2019,412,171,43.56666667,133.65,1.285162035,9
02/09/2019,430,153,47.66666666,111.0166667,1.152685184,8
03/09/2019,374,96,29.95,63.99999999,0.5778125,9
04/09/2019,383,88,32.06666667,73.08333334,0.559467594,10
05/09/2019,373,94,37.36666667,64.51666667,0.413067129,12
06/09/2019,346,149,35.73333333,101.2833333,1.089548611,8
09/09/2019,466,219,34.85,114.8,1.762488426,7
10/09/2019,357,102,31.45,77.4,0.458263888,11
11/09/2019,376,131,28.61666667,85.78333334,0.93943287,6
12/09/2019,342,97,27.2,81.51666666,0.546064814,11
13/09/2019,358,102,41.05,118.1833333,0.669432872,7
16/09/2019,445,136,37,101.2166667,0.820555556,12
17/09/2019,357,105,36,88.93333334,0.61613426,10
18/09/2019,379,98,40.08333333,66.66666666,0.46550926,11
19/09/2019,410,144,26.75,77.43333334,1.112939813,8
20/09/2019,412,171,52.85,124.0666667,1.420462962,3
23/09/2019,467,193,63.83333333,147,1.716840279,5
24/09/2019,361,145,52.7,125.2333333,1.086064815,6
25/09/2019,343,82,38.25,65.91666667,0.382696759,13
26/09/2019,347,103,68.5,81.70000001,0.527037036,9
27/09/2019,443,161,40.18333333,86.75,1.030729167,9
30/09/2019,447,202,31.98333333,136.9166667,1.890694444,4
01/10/2019,370,172,37.5,156.9333333,1.621956019,5
02/10/2019,390,153,32.16666667,102.6166667,1.102071759,4
03/10/2019,427,121,41.01666667,83.2,0.795590278,9
04/10/2019,391,130,35.45,80.53333333,0.839016204,10
07/10/2019,394,94,30.5,64.36666667,0.42957176,15
08/10/2019,365,92,37.36666667,62.95,0.477523148,10
09/10/2019,371,127,82.63333334,103.8666667,0.720011574,12
10/10/2019,378,117,32.38333333,87.18333333,0.668101852,8
11/10/2019,406,146,34,72.58333333,0.903043981,10
14/10/2019,505,190,34.96666667,91.03333333,1.303888889,6
15/10/2019,343,104,61.81666666,69.88333334,0.528275463,13
16/10/2019,413,178,40.96666667,148,1.604861112,3
17/10/2019,395,149,38.05,80.05,0.99596065,8
18/10/2019,372,112,35.55,82.10000001,0.715069445,7
21/10/2019,461,138,45.51666667,107.65,0.808726852,11
22/10/2019,347,95,44.5,88.51666667,0.516875,14
23/10/2019,320,55,30.18333333,40.36666667,0.182708334,11
24/10/2019,338,57,46.95,41.85,0.21486111,11
25/10/2019,344,68,38.73333333,61.36666667,0.285868056,12
28/10/2019,410,168,38.93333333,135.8833333,1.527708333,2
29/10/2019,359,120,28.3,92.08333333,0.853969907,7
30/10/2019,312,63,29.45,68.88333333,0.358912037,9
31/10/2019,385,116,33.48333333,69.1,0.525405092,13
01/11/2019,381,124,35.38333333,81.05,6.24E-01,11
04/11/2019,437,139,34.96666667,106.6166667,0.989224538,8
05/11/2019,373,117,27.1,70.35,0.668321758,10
06/11/2019,369,112,40.2,101.0833333,0.616458333,14
07/11/2019,355,84,36.58333333,76.43333333,0.425648148,12
08/11/2019,352,102,30.91666667,80.1,0.591770833,9
11/11/2019,420,147,37.08333333,96.25000001,1.109525464,7
12/11/2019,344,55,31.15,35,0.243483796,12
13/11/2019,373,120,34.58333333,71.6,0.570046297,11
14/11/2019,375,96,32.4,63.25,0.554930556,11
15/11/2019,409,152,48.85,102.0333333,1.073726852,6
18/11/2019,385,129,39.2,114.2333333,0.934560184,4
19/11/2019,389,145,36.15,95.86666667,0.981736112,8
20/11/2019,345,118,42.1,88.46666667,0.749525462,8
21/11/2019,365,112,40.81666667,78.58333333,0.66949074,10
22/11/2019,350,87,33.18333333,54.8,0.539189815,7
25/11/2019,389,129,39.68333334,82.16666667,0.844791668,9
26/11/2019,349,89,36.08333333,60.31666667,0.416168981,12
27/11/2019,350,109,53.56666667,104.8166667,0.642037037,13
28/11/2019,414,140,41.53333333,96.5,0.883634258,8
29/11/2019,312,54,46.56666667,49.95,0.247905093,12
03/12/2019,370,127,49.96666666,101.6833333,0.767233795,9
04/12/2019,382,123,37.3,70.88333333,0.764768516,10
05/12/2019,308,81,29.83333333,55.2,0.403344907,10
06/12/2019,403,122,42.73333333,93.26666667,0.696770834,13
09/12/2019,432,132,31.31666667,87.43333333,0.84699074,9
10/12/2019,330,59,38.5,53.05,0.217071758,11
11/12/2019,321,71,50.06666667,62.1,0.284398149,12
12/12/2019,366,116,34.53333333,75.58333334,0.579768519,9
13/12/2019,372,72,38,67.3,0.32898148,11
16/12/2019,444,140,36.86666667,66.78333333,0.831215277,9
17/12/2019,337,61,74.3,69.10000001,0.284456018,11
18/12/2019,332,54,59.3,41.28333333,0.171678241,12
19/12/2019,315,53,41.73333333,74.9,0.184895834,13
20/12/2019,336,39,27.23333334,31.81666667,0.117118055,12
23/12/2019,378,96,32.65,61.86666667,0.442523148,13
24/12/2019,255,20,30.08333333,12.65,0.037974538,11
02/01/2020,527,212,37.68333333,151.1666667,1.720972223,7
03/01/2020,396,119,43.53333333,84.21666667,0.703148147,9
06/01/2020,519,191,35.05,88.11666666,1.235150463,10
07/01/2020,424,105,31.85,72.46666666,0.579826388,8
08/01/2020,416,120,46.63333333,107.2166667,0.738530092,10
09/01/2020,387,90,34.7,62.83333333,0.442268518,11
10/01/2020,382,63,33.81666667,46.91666667,0.236423611,11
13/01/2020,439,145,37.08333333,85.96666667,0.882719908,10
14/01/2020,398,105,48.71666667,81.73333333,0.543912036,12
15/01/2020,409,108,40.1,72.2,0.486782408,12
16/01/2020,362,95,28.75,51.26666667,0.450393518,10
17/01/2020,256,96,33.53333333,48.96666667,0.598749999,8
20/01/2020,528,200,46.68333333,136.9666667,1.418599536,7
21/01/2020,410,107,33.85,67.11666667,0.536516204,13
22/01/2020,402,113,43.68333333,91.98333334,0.610219906,10
23/01/2020,447,124,51.83333333,87.75,0.768067129,10
24/01/2020,420,117,36.98333333,75.85,0.613090278,12
28/01/2020,542,187,40.78333333,96.66666666,1.178298613,9
29/01/2020,419,109,35.41666667,64.35,0.508622686,11
30/01/2020,396,94,38.46666667,66.01666667,0.424004629,13
31/01/2020,369,72,29.31666667,43.53333333,0.224351851,11
03/02/2020,473,140,65.21666667,100.3833333,0.819097223,12
04/02/2020,353,91,44.41666667,76.48333333,0.49050926,9
05/02/2020,353,96,44.71666667,77.55,0.486666667,11
06/02/2020,401,94,39.38333333,64.81666667,0.406921298,13
07/02/2020,434,125,30.73333333,69.58333333,0.64398148,12
10/02/2020,470,158,39.06666667,104.5833333,0.928576388,10
11/02/2020,375,81,41.51666667,64.73333334,0.293032407,11
12/02/2020,350,81,44.43333333,64.91666666,0.391481483,11
13/02/2020,421,108,44.15,73.75,0.505300927,12
14/02/2020,373,72,33.45,55.36666667,0.321203703,11
17/02/2020,463,157,35.86666667,89.98333334,1.143680554,6
18/02/2020,377,108,38.25,76.51666667,5.74E-01,12
19/02/2020,439,154,40.1,117.2833333,1.069837962,8
20/02/2020,411,133,42.05,125.6333333,0.944884261,10
21/02/2020,417,147,37.33333333,113.5166667,0.948136575,13
22/02/2020,2,2,0,7.1,0.004930555,2
24/02/2020,485,210,45.06666667,133.15,1.84625,4
25/02/2020,355,111,34.76666667,61.71666667,0.528217593,10
26/02/2020,407,139,41.95,105.6166667,0.92375,6
27/02/2020,371,96,44.46666667,90.11666667,0.603483796,7
28/02/2020,411,142,45.2,124.5666667,1.037025464,7
02/03/2020,445,153,36.43333334,97.25,0.924953703,8
03/03/2020,396,57,53.13333333,48.06666667,0.148935184,13
04/03/2020,392,129,29.46666667,76.24999999,0.887511575,9
05/03/2020,422,119,34.4,94.68333332,0.768402778,9
06/03/2020,376,105,43.63333333,99.18333333,0.633784721,9
09/03/2020,432,148,32.13333333,92.8,0.839837963,13
10/03/2020,409,167,47.51666667,120.1166667,1.216377316,8
11/03/2020,421,149,40.23333333,104.9333333,1.118715277,9
12/03/2020,370,96,47.61666666,97.76666667,0.521782407,12
13/03/2020,387,139,34.96666667,119.95,1.040231483,8
16/03/2020,402,111,34.28333333,87.05,0.53681713,11
17/03/2020,385,151,59.26666667,169.35,1.197118055,6
19/03/2020,400,91,31.21666667,75.26666667,0.427233796,12
20/03/2020,374,110,43.65,100.6333333,0.615821761,9
23/03/2020,420,113,36.21666667,61.85,0.574432871,13
24/03/2020,412,126,38.1,71.65,0.650358797,11
25/03/2020,379,84,32.53333333,56.66666667,0.295405094,12
26/03/2020,537,182,33.85,83.23333334,0.988333333,9
27/03/2020,462,156,50.45,89.83333333,0.813020833,16
30/03/2020,471,161,37,101.1833333,0.992314814,12
31/03/2020,469,138,33.88333333,62.33333333,0.658437501,11
01/04/2020,448,107,26.08333333,63.43333334,0.4975,14
02/04/2020,466,97,41.96666667,72.18333334,0.473761573,14
03/04/2020,472,77,43.68333333,50.13333333,0.226134259,13
06/04/2020,554,140,40.96666667,81.13333334,0.868182871,11
07/04/2020,491,123,46.75,76.58333333,0.613599537,12
08/04/2020,498,145,36.86666667,74.31666667,0.975891203,10
09/04/2020,481,127,41.31666667,92.88333333,0.749097222,11
10/04/2020,59,59,0,184.8666667,0.656944443,3
14/04/2020,699,253,56.46666667,117.1833333,2.116122682,12
15/04/2020,474,66,39.75,49.25,0.245347224,13
16/04/2020,502,59,53.98333333,29.76666667,0.113761574,14
17/04/2020,515,140,31.06666667,56,0.70488426,13
20/04/2020,515,114,45.65,102.2666667,0.615219907,13
21/04/2020,433,70,29.23333333,26.85,0.267974536,9
22/04/2020,424,73,41.3,43.81666667,0.283009259,14
23/04/2020,388,33,32.5,27.78333333,0.077615739,13
24/04/2020,414,24,39.25,13.81666667,0.031701389,12
27/04/2020,424,39,28.25,16.6,0.082488425,10
28/04/2020,410,38,38.76666667,22.2,0.096250001,14
29/04/2020,392,33,41.41666667,23.06666667,0.074756944,11
30/04/2020,448,54,49.46666667,34.5,0.137777777,14
01/05/2020,459,134,28.08333333,74.06666667,0.846388889,10
05/05/2020,608,254,34.98333333,137.0333333,2.370775461,6
06/05/2020,476,156,69.28333333,104.0833333,1.056284723,11
07/05/2020,465,153,57.11666667,90.55,0.862858795,11
08/05/2020,429,107,54.48333333,69.66666667,0.504942132,13
11/05/2020,520,186,59.48333334,131.1666667,1.327037038,6
12/05/2020,447,167,61.16666667,139.8666667,1.248437499,8
13/05/2020,400,109,45.95,66.93333333,0.57931713,12
14/05/2020,407,65,38.08333333,51.45,0.202164351,12
15/05/2020,499,177,42.55,95.86666667,1.063287037,14
18/05/2020,501,175,52.75,113.05,1.319328704,9
19/05/2020,406,119,45.25,67.93333333,0.720625001,8
20/05/2020,423,172,45.1,125.8666667,1.200520833,8
21/05/2020,357,92,44.75,79.58333332,0.442604167,7
22/05/2020,455,147,59.03333333,134.9333333,0.944479167,8
25/05/2020,508,192,47.55,113.8166667,1.471550927,5
26/05/2020,432,110,38.33333333,59.95,0.632708334,9
27/05/2020,423,138,47.05,105.35,0.950706018,7
28/05/2020,429,140,34.41666667,69.05,0.808368055,8
29/05/2020,439,141,50.13333334,99.58333334,0.855868055,9
01/06/2020,466,131,46.75,85.68333333,0.718344906,10
02/06/2020,454,128,49.88333333,61.18333333,0.682361112,11
03/06/2020,413,120,44.43333333,117.9833333,0.849502313,8
04/06/2020,423,137,53.55,80.7,0.972025462,9
05/06/2020,472,154,48.36666667,116.2666667,1.146354168,10
09/06/2020,635,333,44.98333333,204.2166667,3.530266204,2
10/06/2020,425,147,47.36666667,116.9166667,0.829861112,12
11/06/2020,436,170,60.53333333,161.9833333,1.307071757,8
12/06/2020,491,233,88.16666667,195.6833333,2.096979167,5
15/06/2020,539,251,81.63333334,179.7,2.083668984,9
16/06/2020,407,170,43,128.0166667,1.217210649,10
17/06/2020,448,221,53.53333333,147.45,1.936516203,6
18/06/2020,408,166,53.38333333,134.1,1.299560186,8
19/06/2020,415,179,76.61666667,166.5,1.499490741,9
22/06/2020,541,253,60.48333333,156.15,2.164537037,8
23/06/2020,478,226,61.91666667,188.3,2.255335647,4
24/06/2020,364,113,76.53333333,93.31666666,0.609988427,15
25/06/2020,409,178,64.25,171.3333333,1.341388889,7
26/06/2020,425,184,63.93333333,169.0333333,1.689791666,9
29/06/2020,518,274,66,245.35,3.26138889,4
30/06/2020,476,226,47.48333333,144.15,1.881666667,9
26/07/2019,4,4,0,9.9,0.012685185,3
05/08/2019,4,4,0,9.316666667,0.008275463,2
10/08/2019,1,1,0,0.533333333,0.00037037,1
14/09/2019,1,1,0,0.6,0.000416667,1
28/09/2019,1,1,0,0.316666667,0.000219907,1
05/10/2019,2,2,0,0.816666667,0.00056713,2
12/10/2019,1,1,0,0.866666667,0.000601852,1
19/10/2019,1,1,0,1.733333333,0.001203704,1
26/10/2019,1,1,0,0.683333333,0.000474537,1
02/11/2019,2,2,0,0.616666667,0.000856481,1
16/11/2019,1,1,0,0.166666667,0.000115741,1
02/12/2019,461,175,28.63333333,83.03333333,1.343032407,3
07/12/2019,1,1,0,0.566666667,0.000393519,1
27/12/2019,8,8,0,8.5,0.047222222,1
31/12/2019,7,7,0,14.53333333,0.057604167,1
04/01/2020,1,1,0,1.433333333,0.00099537,1
11/01/2020,2,2,0,0.833333334,0.000578703,2
18/01/2020,1,1,0,1.466666667,0.001018519,1
27/01/2020,44,44,0,87.81666666,0.32673611,4
18/03/2020,357,61,24.71666667,34.45,0.204930555,8
21/03/2020,1,1,0,0.45,0.0003125,1
28/03/2020,1,1,0,0.483333333,0.000335648,1
11/04/2020,1,1,0,0.8,0.000555556,1
13/04/2020,7,7,0,4.833333334,0.018344907,2
25/04/2020,1,1,0,0.866666667,0.000601852,1
03/05/2020,1,1,0,0.266666667,0.000185185,1
04/05/2020,6,6,0,3.133333332,0.003680555,4
09/05/2020,1,1,0,0.516666667,0.000358796,1
10/05/2020,1,1,0,0.683333333,0.000474537,1
16/05/2020,1,1,0,0.766666667,0.000532407,1
23/05/2020,1,1,0,0.466666667,0.000324074,1
08/06/2020,2,2,0,0.533333333,0.000740741,1
20/06/2020,3,3,0,1.333333333,0.001481481,2
27/06/2020,2,2,0,0.7,0.000486111,2
01/07/2020,840,394,85.21666667,232.2166667,3.740486111,5
02/07/2020,830,426,75.58333333,226.7166667,4.425439816,5
03/07/2020,848,450,77.3,200.9166667,4.12695602,5
04/07/2020,3,3,0,0.683333333,0.001423611,1
06/07/2020,1114,520,69.33333333,205.8833333,4.33412037,6
07/07/2020,862,426,73.7,153.3,3.25011574,8
08/07/2020,722,242,66.25,137.1333333,1.687881944,12
09/07/2020,778,256,77.36666667,161.5166667,1.828854165,10
10/07/2020,814,274,81.41666667,130.4166667,1.470532408,16
11/07/2020,2,2,0,0.583333333,0.000810185,1
13/07/2020,900,414,87.48333333,203.5666667,3.484143517,7
14/07/2020,808,272,68.15,147.1666667,1.933958333,11
15/07/2020,816,344,76.96666667,177.7666667,2.801655092,4
16/07/2020,754,250,72.33333333,164.85,1.826782407,11
17/07/2020,776,302,66.75,178.7,2.429236112,10
20/07/2020,1118,568,114.9166667,228.0833333,5.509039351,5
21/07/2020,876,308,73.33333333,169.6166667,2.357361112,8
22/07/2020,778,322,80.95,121.6166667,2.005370371,15
23/07/2020,826,260,72.9,129.7333333,1.530729168,15
25/07/2020,2,2,0,0.85,0.001180556,1
27/07/2020,1218,634,82.03333334,221.1166666,6.427337963,8
28/07/2020,930,420,81.58333333,202.0666667,3.504328704,9
29/07/2020,758,342,96,148.4166667,2.656608797,9
30/07/2020,698,304,67.18333334,164.0666667,2.657175926,8
31/07/2020,904,450,58.65,228.0333333,4.441180555,4
01/08/2020,2,2,0,0.916666667,0.001273148,1
04/08/2020,1252,808,71,305.1,10.55060185,4
05/08/2020,924,452,68.73333333,173.05,3.981828704,9
06/08/2020,802,374,63.56666667,182.3833334,3.398692128,8
07/08/2020,932,576,73.15,278.35,7.979166669,3
10/08/2020,992,594,76.36666667,307.1166667,7.757372683,1
11/08/2020,930,540,82.03333333,239.2666667,5.738842592,3
12/08/2020,806,432,61.16666667,162.6666667,4.042986111,8
13/08/2020,832,390,66.13333333,193.7833333,3.515416668,9
14/08/2020,760,380,71.83333333,220.9833333,3.847199074,4
17/08/2020,1080,548,72.1,207.9666667,5.438564814,8
18/08/2020,874,404,71.31666667,212.9166667,3.714780093,3
19/08/2020,762,294,70.73333334,153.9333333,2.10199074,12
20/08/2020,828,364,68.93333333,163.5166667,2.724097223,10
21/08/2020,648,246,77.05,110.1,1.49824074,15
22/08/2020,1,1,0,0.2,0.000138889,1
24/08/2020,946,462,78.35,250.5166667,4.500567129,6
25/08/2020,722,248,61.45,114.3333333,1.326203704,15
26/08/2020,724,320,102.4666667,182.7833333,2.423495369,9
27/08/2020,714,228,61.8,134.2833333,1.412766206,10
28/08/2020,740,304,122.3833333,172.7666667,2.409131944,11
31/08/2020,1040,644,67.08333333,229.6833333,6.601608796,6
01/09/2020,900,416,53.98333333,240.25,4.353888889,6
02/09/2020,782,346,72.65,214.2,3.229745369,6
03/09/2020,822,374,80.01666667,194.5,3.023171297,5
04/09/2020,772,310,65.91666667,149.4666667,2.128171297,12
07/09/2020,830,292,74.88333333,158.55,1.818877316,12
08/09/2020,774,268,53.68333333,156.4666667,1.866724536,8
09/09/2020,692,196,60.81666667,122.4166667,0.951041665,16
10/09/2020,750,262,71.71666667,187.2,2.212048612,4
11/09/2020,864,348,49.66666667,165.7166667,2.806909723,8
14/09/2020,850,340,65.26666667,173.3666667,2.588020831,10
15/09/2020,726,288,63.5,121.2,2.238101852,6
16/09/2020,732,304,61.8,134.8166667,2.074050923,12
17/09/2020,696,258,91.31666667,149.5166667,1.587581019,12
18/09/2020,812,346,66.15,251.1,3.382187499,5
21/09/2020,910,440,44.78333333,202.15,4.968668982,5
22/09/2020,808,384,77.45,194.55,3.198750002,6
23/09/2020,662,226,64.16666667,110.4333333,1.285393521,14
24/09/2020,734,270,86.08333333,153.65,1.847141204,11
25/09/2020,676,198,76.1,141.8833333,1.213703705,13
28/09/2020,856,346,74.85,176.35,3.064722222,8
29/09/2020,848,400,64.96666667,185.8333333,3.403402777,6
30/09/2020,792,384,58.11666667,191.6666667,3.372638888,6
01/10/2020,698,246,69.36666667,114.1,1.727141205,12
02/10/2020,902,480,66.26666667,179.5,4.534548612,12
03/10/2020,1,1,0,0.2,0.000138889,1
05/10/2020,896,502,68.75,188.6333334,5.015729168,6
06/10/2020,758,386,55.48333333,212.4166667,4.051111111,3
07/10/2020,686,290,64.4,182.5833333,2.466597221,8
08/10/2020,772,378,92.31666667,200.6166667,3.680821758,5
09/10/2020,720,328,74.45,171.15,2.773530094,7
12/10/2020,884,478,80.51666667,248.2,4.866342594,6
13/10/2020,712,300,85.08333333,178.9666667,2.482291666,9
14/10/2020,732,376,90.13333333,279.4833333,4.28439815,2
15/10/2020,708,336,56.98333333,179.75,3.135833335,8
16/10/2020,774,412,78.41666667,251.35,4.153171297,4
17/10/2020,2,2,0,5.616666667,0.007800926,1
19/10/2020,902,490,75.81666667,200.2333333,4.657372684,4
20/10/2020,808,468,70.11666667,190.95,4.469201387,8
21/10/2020,740,418,98.76666667,290.7666667,5.011805556,4
22/10/2020,738,320,71.98333333,214.6166667,2.800358797,7
23/10/2020,638,318,77.46666667,228.3833333,3.122337964,3
26/10/2020,924,514,70,224.85,4.833564814,3
27/10/2020,738,328,61.2,172.3333333,2.974652777,5
28/10/2020,760,390,76.36666667,196.7333333,3.545543981,5
29/10/2020,778,374,86.3,257.1,3.824178239,6
30/10/2020,836,486,88,254.8,5.026527778,4
02/11/2020,938,532,66.45,219.4166667,5.752303243,7
03/11/2020,706,272,65.98333334,125.7333333,1.701458334,14
04/11/2020,708,280,77.43333333,152.75,2.07429398,11
05/11/2020,776,326,86.91666667,163.4,2.354224539,12
06/11/2020,852,344,79.03333333,171.1833333,2.605532407,9
07/11/2020,2,2,0,0.633333333,0.00087963,1
09/11/2020,896,388,77.31666667,214.7166667,3.915972222,9
10/11/2020,724,288,54.7,153.4,2.134212965,10
11/11/2020,742,312,53.96666667,161.1333333,2.858090278,6
12/11/2020,748,346,65.86666667,206.2,2.993946757,9
13/11/2020,766,426,69.95,194.8166667,3.796851854,4
16/11/2020,848,362,63.28333334,165.0833333,2.86105324,10
17/11/2020,742,342,61.11666667,190.7166667,2.720648148,5
18/11/2020,778,320,82.1,175.2666667,2.310069445,11
19/11/2020,782,292,71.25,124.8166667,1.749606483,13
20/11/2020,756,288,78.38333333,175.8,2.155763888,6
23/11/2020,890,402,65.38333333,156.5833333,3.129293981,9
24/11/2020,734,266,62.43333333,148.9,1.714270834,13
25/11/2020,746,256,61.46666667,120.5,1.388078704,16
26/11/2020,802,402,68.16666667,175.8,2.778530092,7
27/11/2020,796,356,61.51666667,171.2666667,2.791412036,8
30/11/2020,924,334,66.46666667,160.1666667,2.428715278,10
01/12/2020,882,268,42.2,103.3,1.473657407,12
02/12/2020,716,126,59.41666667,65.73333333,0.388981482,16
03/12/2020,788,298,69.11666667,164.1333333,2.278368055,10
04/12/2020,742,312,66.23333333,171.0833333,2.439953704,5
07/12/2020,904,384,59.63333333,151.6333333,2.817025463,10
08/12/2020,804,312,63.16666667,131.4333333,1.928981482,14
09/12/2020,860,392,46.85,152.1666667,2.942523147,10
10/12/2020,842,378,58.15,166.6333333,2.958391204,10
11/12/2020,818,316,84.15,173.8333333,2.077708332,9
14/12/2020,874,392,67.48333333,164.65,3.441967592,8
15/12/2020,844,330,88.51666667,158.6333333,2.105324073,13
16/12/2020,776,308,57.26666667,179.8,2.338414353,7
17/12/2020,714,268,79.45,119.25,1.655543982,14
18/12/2020,734,266,70.93333333,146.0333333,1.75375,13
21/12/2020,798,280,55.11666667,153.3166667,2.021087963,9
22/12/2020,700,224,58.53333333,115.3333333,1.195798611,16
23/12/2020,580,166,75.3,127.9666667,0.888298612,14
24/12/2020,588,172,62.63333334,102.7833333,1.09835648,12
29/12/2020,592,592,0,21.53333333,0.951539353,13
04/01/2021,1500,932,76.99999999,244.45,12.23225695,4
05/01/2021,978,468,84.35,185.8333333,3.939791667,8
06/01/2021,996,558,75.78333333,252.9166667,6.150891203,3
07/01/2021,996,504,55.2,191.2666667,4.297291666,5
08/01/2021,864,460,66.28333333,245,4.81912037,4
11/01/2021,1070,582,88.66666667,256.9,6.612673612,2
12/01/2021,972,514,73.86666666,230.3833333,5.197002315,5
13/01/2021,806,386,66.7,176.6333333,3.198530091,7
14/01/2021,902,474,59.1,250.2166667,5.105983795,3
15/01/2021,800,408,79.56666667,204.5833333,3.818159722,6
18/01/2021,1030,614,63.75,239.1333333,6.761319444,4
19/01/2021,830,442,62.71666667,174.8666667,4.244571759,9
20/01/2021,904,480,65.88333333,245.9333333,4.817800927,7
21/01/2021,912,482,62.71666667,201.7333333,4.99115741,8
22/01/2021,844,404,52.76666667,211.55,4.287164351,5
25/01/2021,1010,648,71.55,285.45,8.569212964,2
27/01/2021,1020,580,62.95,237.25,6.682569445,8
28/01/2021,798,308,80.98333334,197.6833333,2.478564816,7
29/01/2021,854,388,51,149.1666667,3.067141204,12
01/02/2021,996,510,71.7,229.4166667,5.308368056,6
02/02/2021,864,428,83.85,192.2,3.915486111,8
03/02/2021,792,284,70.56666667,148.2833333,1.84872685,13
04/02/2021,726,216,60.5,143.2,1.178148149,13
05/02/2021,736,240,60.6,118.6166667,1.335625001,14
08/02/2021,882,424,57.9,195.7333333,4.449085648,3
09/02/2021,876,436,39.88333333,199.7333333,3.536284723,9
10/02/2021,752,292,54.38333333,194.75,2.306840277,7
11/02/2021,732,356,57.53333333,190.7166667,3.240208333,7
12/02/2021,626,174,58,104.9333333,1.01898148,11
15/02/2021,1008,602,75.3,256.4833333,6.893645832,3
16/02/2021,868,348,58.9,157.35,2.258078702,12
17/02/2021,804,348,87.51666667,179.15,2.590717591,8
18/02/2021,810,396,78.95,255.0333333,4.175856481,2
19/02/2021,816,370,65.36666667,177.7333333,3.717060184,10
20/02/2021,2,2,0,0.616666667,0.000856481,1
22/02/2021,820,346,60.5,183,2.986678242,5
23/02/2021,862,442,60.73333333,193.1833333,4.370486113,5
24/02/2021,806,434,62.66666667,204.75,4.642349537,6
25/02/2021,766,398,67.63333333,272.6666667,4.49E+00,4
26/02/2021,844,468,70.15,251.35,5.087986113,7
01/03/2021,1060,554,58.75,174.9666667,5.170439815,9
02/03/2021,798,414,73.98333333,294.3666667,4.848009261,1
03/03/2021,766,262,77.43333334,173.5333333,1.802025463,12
04/03/2021,820,376,51.46666667,164.6833333,3.621840278,6
05/03/2021,798,364,86.91666667,211.05,3.17962963,8
06/03/2021,2,2,0,0.466666667,0.000648148,1
08/03/2021,898,428,57.53333333,204.3833333,3.367916666,6
09/03/2021,838,434,68.01666667,241.8,4.023923613,2
10/03/2021,774,384,80,210.2666667,3.654039351,6
11/03/2021,820,448,109.7166667,239.45,4.59167824,7
12/03/2021,838,444,70.23333333,204.9,4.616863428,6
15/03/2021,878,364,72.01666667,192.3166666,2.963368055,7
16/03/2021,700,218,59.85,127.9666667,1.413854166,10
17/03/2021,684,240,59.81666667,158.5333333,1.611238428,9
18/03/2021,686,234,60.06666667,127.5,1.296319445,13
19/03/2021,754,286,54.93333333,201.9166667,2.5415625,5
20/03/2021,1,1,0,0.483333333,0.000335648,1
22/03/2021,798,262,55.35,135.8833333,1.649745371,12
23/03/2021,812,310,72.53333333,115.6333333,1.848136574,12
24/03/2021,700,210,50.4,146.7833333,1.284074076,14
25/03/2021,716,298,51.43333334,167.95,2.373113426,8
26/03/2021,708,234,65.36666667,147.6166667,1.653692129,12
29/03/2021,826,310,61.3,154.8666667,1.990289352,13
30/03/2021,714,266,62.5,147.1166667,1.982557871,10
31/03/2021,778,246,62.53333333,131.8833333,1.493125,16
01/04/2021,860,318,59,144.9166667,2.250451389,11
06/04/2021,1144,632,71.55,241.9333333,7.24196759,3
07/04/2021,888,414,67.38333333,177.7166667,3.517650463,8
08/04/2021,742,288,75.63333333,158.9166667,2.071736109,10
09/04/2021,810,362,64.71666667,190.35,2.871550926,7
10/04/2021,3,3,0,0.533333333,0.001111111,1
12/04/2021,912,452,61.91666667,203.1,4.360428241,5
13/04/2021,684,280,67.28333333,167.4166667,2.008634258,8
14/04/2021,812,374,61.03333333,175.3333333,3.122696759,6
15/04/2021,768,284,67.78333333,156.9166667,2.036458332,14
16/04/2021,816,344,53.23333333,169.3,2.722245369,7
19/04/2021,816,318,61.78333334,157.2666667,2.322708332,10
20/04/2021,734,274,52.4,167.8333333,2.058518518,9
21/04/2021,716,264,52.1,138.45,1.574293981,13
22/04/2021,738,184,57.03333333,104.2666667,0.790694443,17
23/04/2021,660,182,61.95,133.7333333,1.107696759,14
24/04/2021,1,1,0,0.183333333,0.000127315,1
27/04/2021,1104,556,57.7,201.7833333,5.606030093,5
28/04/2021,880,432,80.33333333,224.55,4.56769676,4
29/04/2021,956,490,62.63333334,182.1166667,4.789837964,9
30/04/2021,832,426,63.98333333,218.4833333,4.108206018,4
04/05/2021,1246,680,80.26666666,283.9333333,7.484780092,2
05/05/2021,808,376,81.38333333,181.8666667,3.429583334,8
06/05/2021,876,480,87.63333333,249.9666667,4.655381943,3
07/05/2021,818,384,81.86666667,239.1333333,3.769756944,5
10/05/2021,958,472,63.96666667,175.1833333,3.635081017,9
11/05/2021,792,362,71.25,182.7166667,3.441064815,3
12/05/2021,744,314,91.65,205.2333333,2.538240742,5
13/05/2021,902,470,77.28333333,203.05,4.46193287,9
14/05/2021,722,306,65.15,158.7166667,2.340879631,7
15/05/2021,2,2,0,0.266666667,0.00037037,1
17/05/2021,838,332,60.2,110.5166667,1.707789351,17
18/05/2021,810,320,57.91666667,178.5666667,2.781793982,7
19/05/2021,822,404,62.51666667,190.0666667,3.848912038,4
20/05/2021,816,364,71.75,159.2666667,3.091504629,11
21/05/2021,662,254,54.01666667,160.3666667,2.03E+00,10
24/05/2021,963,547,80.68333333,268.1666667,6.125347223,3
25/05/2021,856,416,79.63333333,174.45,3.58804398,11
26/05/2021,788,394,60.18333334,219.3833333,4.117685185,4
27/05/2021,808,384,64.45,192.0333333,3.266967592,9
28/05/2021,778,370,67.25,221.1666667,3.858587964,3
29/05/2021,1,1,0,0.566666667,0.000393519,1
31/05/2021,942,516,82.1,196.1,5.371458335,7
01/06/2021,782,402,64.5,177.7666667,3.262499999,8
02/06/2021,670,244,63.9,124.0333333,1.721944445,8
03/06/2021,668,252,50.83333333,142.4666667,1.852395834,9
04/06/2021,754,344,69.33333333,206.6166667,2.921076389,5
07/06/2021,898,434,60.83333333,243.3333333,4.664305556,4
08/06/2021,718,220,76.66666667,171.8166667,1.537627316,10
09/06/2021,742,286,61.13333333,186.05,2.104502314,7
10/06/2021,808,378,53.7,156.4333333,3.435011574,9
11/06/2021,790,322,75.7,179.6,2.582534721,9
15/06/2021,1054,460,67.06666667,161.3333333,3.836122688,10
16/06/2021,808,390,69.53333333,169.6333333,3.446921294,6
17/06/2021,832,358,92.75,192.8333333,3.680833332,5
18/06/2021,742,314,99.36666667,215.6333333,2.836249999,7
19/06/2021,1,1,0,0.266666667,0.000185185,1
21/06/2021,846,394,63.63333333,208.6333333,3.518692129,5
22/06/2021,796,368,72.61666666,202.6666667,3.380729168,9
23/06/2021,692,248,79.2,145.7833333,1.936666666,10
24/06/2021,722,300,79.56666667,209.8,2.4834375,5
25/06/2021,766,378,97.98333333,224.6333333,3.656851852,4
30/06/2021,374,374,0,258.25,8.198738427,0
